{
  "students": [
    {
      "id": "1",
      "name": "John Smith",
      "age": 30,
      "state": "pending"
    },
    {
      "id": "2",
      "name": "Robert Downey",
      "age": 32,
      "state": "completed"
    },
    {
      "id": "3",
      "name": "Taylow Swift",
      "age": 29,
      "state": "completed"
    },
    {
      "id": "4",
      "name": "Jackie Chan",
      "age": 55,
      "state": "pending"
    },
    {
      "id": "5",
      "name": "Chu 5",
      "age": "55",
      "state": "Pending"
    },
    {
      "id": "6",
      "name": "Thuan",
      "age": "18",
      "state": "Pending"
    },
    {
      "id": "7",
      "name": "hdkasd2",
      "age": "93",
      "state": "Pending"
    },
    {
      "id": "8",
      "name": "Update",
      "age": "84",
      "state": "Completed"
    }
  ]
}